topic,mention_count,avg_engagement,total_engagement,avg_sentiment,source_count,mention_score,engagement_score,sentiment_score,trend_score,novelty_score,novelty_score_norm,final_score_with_novelty,quadrant
AI music,56,0.6839449894407891,6660,0.19805194805194803,4,1.0,1.0,0.599025974025974,0.9198051948051948,0.12639930997067794,1.0,0.9198051948051948,High trend / High novelty
Digital art,48,0.6195463326261876,5937,0.07575757575757575,4,0.8571428571428571,0.9058423443276404,0.5378787878787878,0.8127698381639566,0.07616610405380599,0.7522823707721872,0.7869277921713441,High trend / High novelty
Sustainable fashion,40,0.5039473813822204,3277,0.2503409090909091,4,0.7142857142857143,0.736824436413023,0.6251704545454546,0.7054781511885858,-0.06217844430941664,0.07005668137776402,0.5743784723942649,High trend / Lower novelty
Mindfulness,32,0.5349181102668049,2812,0.11250000000000002,4,0.5714285714285714,0.7821069216460927,0.55625,0.6526641972298657,-0.07638482805558722,0.0,0.5173106479223992,High trend / Lower novelty
