topic,deep_fusion_score,deep_fusion_max,audio_genre_label
AI music,0.6763763713199872,0.9790604703030882,electronic
Digital art,0.6056222828004308,0.9028407876738722,electronic
Mindfulness,0.5431375915139212,0.7773888648076577,ambient
Sustainable fashion,0.5294973400973695,0.7960644059387811,electronic
