topic,visual_brightness,visual_colorfulness,visual_edge_density,visual_energy,visual_innovation,audio_energy_score,audio_novelty_signal,audio_tempo_norm,audio_genre_confidence,modality_coverage,dominant_audio_genre
AI music,0.5998051948051948,0.62,0.6,0.6069318181818181,0.6676,0.7252916666666666,0.6375,0.7033333333333334,0.7625000000000001,4,electronic
Digital art,0.6375757575757576,0.82,0.7399999999999999,0.7321515151515151,0.7726000000000001,0.5934166666666667,0.65275,0.5783333333333333,0.7125,4,electronic
Mindfulness,0.73125,0.34,0.24,0.4469375,0.41080000000000005,0.2655416666666667,0.300125,0.22583333333333333,0.7675,4,ambient
Sustainable fashion,0.685034090909091,0.48,0.42000000000000004,0.5337619318181818,0.5606,0.46950000000000003,0.39849999999999997,0.445,0.7125,4,electronic
