topic,source,mention_count,avg_engagement,total_engagement_raw,avg_sentiment,mention_score,engagement_score,sentiment_score,trend_score
AI music,NewsAPI,14,0.5982142857142857,67,0.19805194805194803,1.0,0.6825127334465195,0.599025974025974,0.7928102881838026
AI music,Reddit,14,0.6767968056787933,3051,0.19805194805194803,1.0,0.7721688513007625,0.599025974025974,0.8286727353254999
AI music,Spotify,14,0.8764880952380952,1178,0.19805194805194803,1.0,1.0,0.599025974025974,0.9198051948051948
AI music,X,14,0.5842807711319822,2364,0.19805194805194803,1.0,0.6666157524629746,0.599025974025974,0.7864514957903846
Digital art,NewsAPI,12,0.6041666666666666,58,0.07575757575757575,0.8571428571428571,0.6893039049235993,0.5378787878787878,0.72615446240234
Digital art,Reddit,12,0.7440476190476191,2875,0.07575757575757575,0.8571428571428571,0.8488964346349746,0.5378787878787878,0.7899914742868902
Digital art,Spotify,12,0.39496527777777773,455,0.07575757575757575,0.8571428571428571,0.4506225240520656,0.5378787878787878,0.6306819100537266
Digital art,X,12,0.7350057670126874,2549,0.07575757575757575,0.8571428571428571,0.8385804336715211,0.5378787878787878,0.7858650739015088
Mindfulness,NewsAPI,8,0.484375,31,0.11250000000000002,0.5714285714285714,0.5526315789473685,0.55625,0.5608740601503759
Mindfulness,Reddit,8,0.43167701863354035,1112,0.11250000000000002,0.5714285714285714,0.4925075662508304,0.55625,0.5368244550717607
Mindfulness,Spotify,8,0.7513020833333334,577,0.11250000000000002,0.5714285714285714,0.8571731748726655,0.55625,0.6826906985204948
Mindfulness,X,8,0.47231833910034604,1092,0.11250000000000002,0.5714285714285714,0.5388759318767955,0.55625,0.5553718013221467
Sustainable fashion,NewsAPI,10,0.6625,53,0.2503409090909091,0.7142857142857143,0.7558573853989813,0.6251704545454546,0.7130913307829693
Sustainable fashion,Reddit,10,0.5012422360248447,1614,0.2503409090909091,0.7142857142857143,0.571875692035137,0.6251704545454546,0.6394986534374315
Sustainable fashion,Spotify,10,0.4416666666666667,424,0.2503409090909091,0.7142857142857143,0.5039049235993209,0.6251704545454546,0.6123103460631051
Sustainable fashion,X,10,0.41038062283737026,1186,0.2503409090909091,0.7142857142857143,0.4682101503339776,0.6251704545454546,0.5980324367569677
