topic,recent_daily_mean,momentum_7d,baseline_daily_mean,forecast_4w_mentions,forecast_8w_mentions,forecast_growth_score,forecast_confidence,bayesian_weight,holt_weight,momentum_weight
AI music,1.0,0.4285714285714286,0.9491525423728814,6.353647428364587,7.730378822383009,0.18687198318719372,0.9140518517846694,0.24765625260128396,0.338204414655275,0.41413933274344106
Digital art,1.0,0.1428571428571429,0.8135593220338984,17.43282927373307,35.13206917800306,0.41506736366031116,0.9272012444862865,0.466736903549909,0.33013397480375933,0.20312912164633162
Mindfulness,0.42857142857142855,-0.14285714285714285,0.5423728813559322,10.03338386093523,19.379758530364604,0.3135432456542259,0.9267581794637635,0.4649646434598172,0.31900382862662346,0.21603152791355928
Sustainable fashion,0.7142857142857143,0.4285714285714286,0.7272727272727273,12.48688529258094,24.61088825290441,0.4802648189454208,0.9095836085407368,0.3962663597677104,0.3392906567442084,0.26444298348808115
