topic,innovation_score,tradition_score,wellness_score,community_score,expression_score,genome_signature
AI music,0.7398034323989118,0.019984012789768184,0.02664535038635758,0.033306687982946975,0.5262456701305622,Innovation + Expression
Digital art,0.8104606858330446,0.07793557325943887,0.025978524419812955,0.19916868721856598,0.7793557325943886,Innovation + Expression
Mindfulness,0.0947268708556994,0.07499210609409536,0.20524155352068202,0.015787811809283233,0.15787811809283234,Wellness + Expression
Sustainable fashion,0.4573155700665243,0.05129257283545342,0.05129257283545342,0.11284366023799754,0.5744768157570783,Expression + Innovation
cycling,0.26695747422206983,0.025440976933514246,0.05936227951153324,0.016960651289009497,0.08480325644504749,Innovation + Expression
running,0.3191124113560569,0.012195121951219513,0.024390243902439025,0.04878048780487805,0.10975609756097561,Innovation + Expression
swimming,0.2952425916679139,0.021570319240724764,0.08628127696289906,0.0,0.25884383088869717,Innovation + Expression
