topic,visual_brightness,visual_colorfulness,visual_edge_density,visual_energy,visual_innovation,audio_energy_score,audio_novelty_signal,audio_tempo_norm,audio_genre_confidence,modality_coverage,dominant_audio_genre
AI music,0.451511629009878,0.32886011119466274,0.49086518799886103,0.42038966547124756,0.48818937932471745,0.7600000000000001,0.69,0.7600000000000001,0.6958333333333333,3,electronic
Digital art,0.5264113982744955,0.41566954222944924,0.6311536934789346,0.519074437220061,0.5545839328493771,0.61,0.72,0.61,0.7051020408163264,3,electronic
Mindfulness,0.5854299664242818,0.20457825640682134,0.354140999255081,0.3827451777674104,0.3763480487451423,0.24,0.3,0.24,0.6791666666666667,3,ambient
Sustainable fashion,0.5519560598829037,0.16963384672766552,0.5487589978320259,0.41718416666330693,0.4304800309606728,0.46,0.42,0.46,0.6928571428571428,3,electronic
cycling,0.49961120446782414,0.24429119339904615,0.39057753154209685,0.37753909871603364,0.4007474128564234,0.44,0.51,0.44,0.6242857142857143,3,electronic
running,0.4450955610237439,0.15333669538157327,0.4388265073129109,0.34109924193573427,0.3812796855158465,0.62,0.58,0.62,0.6414285714285715,3,electronic
swimming,0.49814111352260393,0.16255247134602432,0.4366182847817739,0.36222824013855204,0.38765146368854875,0.41,0.43,0.41,0.6287878787878788,3,electronic
