topic,recent_daily_mean,momentum_7d,baseline_daily_mean,forecast_4w_mentions,forecast_8w_mentions,forecast_growth_score,forecast_confidence,bayesian_weight,holt_weight,momentum_weight
AI music,4.571428571428571,3.8571428571428568,1.7777777777777777,190.70010718543523,543.2911545523784,1.0,0.8007336443938459,0.35014216830249434,0.3695270021929394,0.28033082950456634
Digital art,4.857142857142857,4.142857142857142,1.6333333333333333,220.6214160255779,639.9650944646041,1.0,0.7926823477463851,0.3313799784878107,0.33732181560309654,0.33129820590909287
Mindfulness,5.0,4.428571428571429,1.6,227.74096785039484,669.4046647011138,1.0,0.7945276413126393,0.344702989868113,0.3228999760767499,0.33239703405513704
Sustainable fashion,4.428571428571429,4.285714285714286,1.1290322580645162,217.63206780693957,644.8654383148951,1.0,0.7957939362428985,0.32913318099592787,0.32109864941492244,0.3497681695891497
cycling,4.285714285714286,4.285714285714286,1.09375,189.59068840997259,559.1778228106908,1.0,0.8265824831598247,0.33684906160420025,0.34960181339504853,0.31354912500075127
running,4.428571428571429,4.0,1.8421052631578947,240.29952468279606,713.5652385372862,1.0,0.7552209158201534,0.3333333333333333,0.3333333333333333,0.3333333333333333
swimming,4.285714285714286,4.142857142857142,1.1379310344827587,269.64021974982484,822.0734617455153,1.0,0.796551632067458,0.3215404757223861,0.3256605713902258,0.35279895288738805
